hit_date,geo_country,user_id,user_agent
2023-11-28,usa,0K4Qcg62taJWIoWpIb5LGw==,Mozilla/5.0 (iPhone; CPU OS 17_1_2 like Mac OS X; en_US)
2023-11-28,usa,MbrG+ucUoneRfDtwmhAr0A==,Mozilla/5.0 (iPhone; CPU OS 17_1_2 like Mac OS X; en_US)
2023-11-28,usa,IZ62MM/ZUm9UQxcSGC9L3w==,Mozilla/5.0 (Linux; U; Android 14; en-US; SM-S918U Build/UP1A.231005.007)
2023-11-28,usa,AuXauk70wnniLT2MgbOaOQ==,Mozilla/5.0 (Linux; U; Android 13; en-US; SM-A146U Build/TP1A.220624.014)
2023-11-28,usa,aOH5mxFN0kJcAn8BHjomKA==,Mozilla/5.0 (Linux; U; Android 14; zh-CN; Pixel 8 Pro Build/UQ1A.231205.015)
2023-11-28,usa,NWdgD31MskK9O9gAn052LA==,Mozilla/5.0 (Linux; U; Android 14; en-US; Pixel 7a Build/UQ1A.231205.015)
2023-11-28,usa,MS+hlyb+hNIphkVtXFlzYQ==,Mozilla/5.0 (iPhone; CPU OS 17_2_1 like Mac OS X; en_US)
2023-11-28,usa,6LGWbTjerM6CxlY7nuzg4Q==,Mozilla/5.0 (iPhone; CPU OS 17_2_1 like Mac OS X; en_US)
2023-11-28,usa,d1Nn94UNLHZX10mxWy96sQ==,Mozilla/5.0 (iPhone; CPU OS 17_1_1 like Mac OS X; en_US)
2023-11-28,usa,qCHTTEZsZFGffYQo9ncuxQ==,Mozilla/5.0 (Linux; U; Android 13; en-US; A063 Build/TKQ1.221220.001)
2023-11-28,usa,QTTbLXw9YCTpYn70F7RB7g==,Mozilla/5.0 (iPhone; CPU OS 17_1_2 like Mac OS X; en_US)
2023-11-28,usa,Sv3Rg/c1qZ4whOsCtqWb3g==,Mozilla/5.0 (iPhone; CPU OS 17_2_1 like Mac OS X; en_US)
2023-11-28,usa,aT/mYK8Yz1my+IgxGjl+Yw==,Mozilla/5.0 (iPhone; CPU OS 17_1_2 like Mac OS X; en_US)
2023-11-28,usa,U0LjnyeSnpOIhGbqVF4M9w==,Mozilla/5.0 (iPhone; CPU OS 17_1_2 like Mac OS X; en_US)
2023-11-28,usa,qveglWkrqwaC+ADKusqVEQ==,Mozilla/5.0 (Linux; U; Android 12; en-US; moto g stylus 5G Build/S2RES32.29-16-1-15-1-2)
2023-11-28,usa,kpwmBGUhTr9BoCSSXR4rPQ==,Mozilla/5.0 (iPhone; CPU OS 17_1_2 like Mac OS X; en_US)
2023-11-28,usa,2mP3EMtngsAv5lcu/LO0OA==,Mozilla/5.0 (Linux; U; Android 14; en-US; SM-F946U1 Build/UP1A.231005.007)
2023-11-28,usa,3l8REK/flUm133xjIk46cA==,Mozilla/5.0 (iPhone; CPU OS 17_2_1 like Mac OS X; en_US)
2023-11-28,usa,14qJ7GUYGYVfKUo1Ujc4bQ==,Mozilla/5.0 (iPhone; CPU OS 17_1_2 like Mac OS X; en_US)
2023-11-28,usa,JnuYynhbSPmPbnzOzYmS5A==,Mozilla/5.0 (iPhone; CPU OS 16_6_1 like Mac OS X; en_US)
2023-11-28,usa,dje4CUYP19BaZJUOvgtRvg==,Mozilla/5.0 (Linux; U; Android 13; en-US; SM-N981U Build/TP1A.220624.014)
2023-11-28,usa,2RdLyAQ7ewFxajZw48lS1A==,Mozilla/5.0 (iPhone; CPU OS 17_2_1 like Mac OS X; en_US)
2023-11-28,usa,5sfALJwUVToGSyZUwodqmw==,Mozilla/5.0 (Linux; U; Android 11; en-US; moto g stylus (2021) Build/RPCS31.Q2-109-16-26)
2023-11-28,usa,Lzubu0DTJl4FDboB0/ihbw==,Mozilla/5.0 (Linux; U; Android 14; en-US; SM-S918U Build/UP1A.231005.007)
2023-11-28,usa,Cx2l0JP92ZfxHSewFarhRg==,Mozilla/5.0 (iPhone; CPU OS 17_2_1 like Mac OS X; en_US)
2023-11-28,usa,0yKAu8IShosASZvJGtKh+w==,Mozilla/5.0 (iPhone; CPU OS 17_1_2 like Mac OS X; en_US)
2023-11-28,usa,HjcMi+k23BR4XGgaDLmznA==,Mozilla/5.0 (iPhone; CPU OS 17_1_2 like Mac OS X; en_US)
2023-11-28,usa,RevpMS4R1GIcs7mcKDOvkw==,Mozilla/5.0 (iPhone; CPU OS 17_1_2 like Mac OS X; en_US)
2023-11-28,usa,/Q2ofru4w6rvkflN1QQZbg==,Mozilla/5.0 (Linux; U; Android 13; en-US; SM-N981U Build/TP1A.220624.014)
2023-11-28,usa,YOLf1twnisB+yT9hb1AE8A==,Mozilla/5.0 (Linux; U; Android 13; en-US; SM-N981U1 Build/TP1A.220624.014)
2023-11-28,usa,N4NfxHSXVXCQIQ3cn8wDKw==,Mozilla/5.0 (iPhone; CPU OS 17_1_2 like Mac OS X; en_US)
2023-11-28,usa,Jgjvxf5sfG0UR9lOmXzWPg==,Mozilla/5.0 (Linux; U; Android 12; en-US; SM-G973U Build/SP1A.210812.016)
2023-11-28,usa,Gp1ZYLA+YeD3SQTIn0wjOw==,Mozilla/5.0 (iPhone; CPU OS 17_1_2 like Mac OS X; en_US)
2023-11-28,usa,oHrSKi0AWx07yY8OEZ/Q2g==,Mozilla/5.0 (iPhone; CPU OS 16_0_3 like Mac OS X; en_US)
2023-11-28,usa,BjcnIv2GJIi/2zPnFLdrtg==,Mozilla/5.0 (Linux; U; Android 13; en-US; SM-N986U1 Build/TP1A.220624.014)
2023-11-28,usa,3oVidjxdU9fuWJyVzgk/KA==,Mozilla/5.0 (iPhone; CPU OS 17_1_2 like Mac OS X; en_US)
2023-11-28,usa,4gXz4uI2Z7CIGM2NQHW5fQ==,Mozilla/5.0 (iPhone; CPU OS 17_1_2 like Mac OS X; en_US)
2023-11-28,usa,940L4sCHjxWYeJ/jIczMKQ==,Mozilla/5.0 (iPhone; CPU OS 17_1_2 like Mac OS X; en_US)
2023-11-28,usa,NInCsV3IvX0AYSZZHGELog==,Mozilla/5.0 (Linux; U; Android 14; en-US; SM-S918U Build/UP1A.231005.007)
2023-11-28,usa,2pesxAnN8hPgSPDn4Vfa2Q==,Mozilla/5.0 (iPhone; CPU OS 17_2_1 like Mac OS X; es_US)
2023-11-28,usa,toxm1Hwi5QJYPT9JbPToAw==,Mozilla/5.0 (iPhone; CPU OS 17_1_2 like Mac OS X; en_US)
2023-11-28,usa,LQVob9G9oU5Ta8wbXFZtuQ==,Mozilla/5.0 (iPhone; CPU OS 17_1_2 like Mac OS X; en_US)
2023-11-28,usa,DMEsRsHBLsEoLNMX62rkxg==,Mozilla/5.0 (iPhone; CPU OS 17_2_1 like Mac OS X; en_US)
2023-11-28,usa,ls1wEu15b/EPx+GaS4owtg==,Mozilla/5.0 (iPhone; CPU OS 17_2_1 like Mac OS X; en_US)
2023-11-28,usa,cKk0wO/dCKuv/mIp2DbO8w==,Mozilla/5.0 (Linux; U; Android 12; en-US; REVVL V+ 5G Build/SP1A.210812.016)
2023-11-28,usa,bWhmLF8257LYu15cjZelZg==,Mozilla/5.0 (iPhone; CPU OS 17_1_2 like Mac OS X; en_US)
2023-11-28,usa,xLBb1Kx0IG02FhEIhaym1w==,Mozilla/5.0 (iPhone; CPU OS 17_1_2 like Mac OS X; en_US)
2023-11-28,usa,d1NBBbc7hRaVPt+0Ujt4oQ==,Mozilla/5.0 (iPhone; CPU OS 17_2 like Mac OS X; es_US)
2023-11-28,usa,tZnOeTn9tYfhf2TwtU1sMA==,Mozilla/5.0 (Linux; U; Android 14; en-US; Pixel 7 Build/UQ1A.231205.015.A1)
2023-11-28,usa,pfYsaitsx1RP6MPXB4YzaA==,Mozilla/5.0 (iPhone; CPU OS 17_3 like Mac OS X; en_US)
2023-11-28,usa,97xjvnjZ3W28IkKJpsb+gA==,Mozilla/5.0 (iPhone; CPU OS 16_2 like Mac OS X; en_US)
2023-11-28,usa,e3SQH//tDzpfydpEBvOnlQ==,Mozilla/5.0 (iPhone; CPU OS 17_1_2 like Mac OS X; en_US)
2023-11-28,usa,cVQNMJsAkq4CRzDh+7q6MA==,Mozilla/5.0 (iPhone; CPU OS 17_1_2 like Mac OS X; en_US)
2023-11-28,usa,ObNyB9GiMqQKXN0ASs6K6g==,Mozilla/5.0 (Linux; U; Android 11; en-US; moto g stylus Build/RPRS31.Q1-56-9-15)
2023-11-28,usa,G+c767fFTT+ZoXWk/+bOnA==,Mozilla/5.0 (Linux; U; Android 13; en-US; SM-G781V Build/TP1A.220624.014)
2023-11-28,usa,Ra6piig0v6MqZIqO4xiL1g==,Mozilla/5.0 (iPhone; CPU OS 17_1_2 like Mac OS X; en_US)
2023-11-28,usa,v8psUTNVlEyme/wOeptjGA==,Mozilla/5.0 (iPhone; CPU OS 17_1_2 like Mac OS X; en_US)
2023-11-28,usa,ZNm2+ld+SpXgOYy/fM0o9w==,Mozilla/5.0 (iPhone; CPU OS 17_2_1 like Mac OS X; en_US)
2023-11-28,usa,E/dBu85e0gPurQmAkICbdg==,Mozilla/5.0 (iPhone; CPU OS 17_2_1 like Mac OS X; en_US)
2023-11-28,usa,1o6L2+eucxAYyTWEAJXBUA==,Mozilla/5.0 (iPhone; CPU OS 16_7_4 like Mac OS X; en_US)
2023-11-28,usa,g0MHOIh4Qgn3U/AX0ydf4Q==,Mozilla/5.0 (iPhone; CPU OS 17_2_1 like Mac OS X; en_US)
2023-11-28,usa,lMiSMTx+G92V7yCqJuxMQQ==,Mozilla/5.0 (iPhone; CPU OS 17_1_2 like Mac OS X; en_US)
2023-11-28,usa,R7Tn1GygRB3BgpGez2oCVQ==,Mozilla/5.0 (iPhone; CPU OS 17_2_1 like Mac OS X; en_US)
2023-11-28,usa,OCkDoFsRmPyiH4zWa8iE1w==,Mozilla/5.0 (iPhone; CPU OS 17_0 like Mac OS X; en_US)
2023-11-28,usa,8BfE9LF5yK4pIHVNxqhCCg==,Mozilla/5.0 (iPhone; CPU OS 17_2_1 like Mac OS X; en_US)
2023-11-28,usa,KxqJhQPGGni7AO00Emxj9Q==,Mozilla/5.0 (iPhone; CPU OS 17_2_1 like Mac OS X; en_US)
2023-11-28,usa,58IdTLtjYpFnEzPBVR2szw==,Mozilla/5.0 (iPhone; CPU OS 17_1_2 like Mac OS X; en_US)
2023-11-28,usa,4ZNiIcN3pWz/DkA9FK96Og==,Mozilla/5.0 (Linux; U; Android 12; en-US; SM-G975U1 Build/SP1A.210812.016)
2023-11-28,usa,C1bMwGDVJzczd1m4jwBO+g==,Mozilla/5.0 (iPhone; CPU OS 17_1_2 like Mac OS X; en_US)
2023-11-28,usa,p7aMBLsKiX2A4aLSj8FtIQ==,Mozilla/5.0 (iPhone; CPU OS 17_1_2 like Mac OS X; en_US)
2023-11-28,usa,32zzCmJb7kFwishLNicJ9g==,Mozilla/5.0 (iPhone; CPU OS 17_1_2 like Mac OS X; en_US)
2023-11-28,usa,koq/CK+raUPetfBUl/18ig==,Mozilla/5.0 (iPhone; CPU OS 17_1_2 like Mac OS X; en_US)
2023-11-28,usa,TY+2G54VtKyBm75uvHElfQ==,Mozilla/5.0 (iPhone; CPU OS 16_1_1 like Mac OS X; en_US)
2023-11-28,usa,vvbH7FH8I6VbcHKyZmv4sw==,Mozilla/5.0 (Linux; U; Android 11; en-US; moto g stylus (XT2115DL) Build/RPCS31.Q2-109-16-16)
2023-11-28,usa,zQkxXFfpp4ByXoRQ2aWWpQ==,Mozilla/5.0 (iPhone; CPU OS 16_6_1 like Mac OS X; en_US)
2023-11-28,usa,RNHXFLRzNUXlp0rKZIe8cg==,Mozilla/5.0 (Linux; U; Android 13; en-US; SM-N981U Build/TP1A.220624.014)
2023-11-28,usa,5e47g58PSC4MW6iBHNTslg==,Mozilla/5.0 (Linux; U; Android 8.1.0; en-US; SM-T580 Build/M1AJQ)
2023-11-28,usa,oHbXeIv1/GGGq7Fbip/vlQ==,Mozilla/5.0 (Linux; U; Android 13; en-US; SM-F721U Build/TP1A.220624.014)
2023-11-28,usa,RWTrA1UvG1BcAgUltmT9cA==,Mozilla/5.0 (iPhone; CPU OS 17_2_1 like Mac OS X; en_US)
2023-11-28,usa,kb2sxtrc2+F/1Q+ef0n2nA==,Mozilla/5.0 (iPhone; CPU OS 17_2_1 like Mac OS X; en_US)
2023-11-28,usa,Tjz4yVX7+YSIFesZHTjz+Q==,Mozilla/5.0 (iPhone; CPU OS 17_2_1 like Mac OS X; en_US)
2023-11-28,usa,I6BgDcifqHJngUaoVmBL1A==,Mozilla/5.0 (iPhone; CPU OS 17_2_1 like Mac OS X; en_US)
2023-11-28,usa,AFer+temE61TVRHur0YMig==,Mozilla/5.0 (Linux; U; Android 14; en-US; Pixel 8 Pro Build/UQ1A.231205.015.A1)
2023-11-28,usa,e3yKy9L/VRQY7B2ggw1QKQ==,Mozilla/5.0 (iPhone; CPU OS 17_1_2 like Mac OS X; en_US)
2023-11-28,usa,v/TUDxKlBdKpipyFYfaq5w==,Mozilla/5.0 (iPhone; CPU OS 17_1_2 like Mac OS X; en_US)
2023-11-28,usa,u0mRNXELNVZt64D+hI5iuA==,Mozilla/5.0 (iPhone; CPU OS 17_2_1 like Mac OS X; en_US)
2023-11-28,usa,pJ9t8MzxUdGxwOnul+OxZw==,Mozilla/5.0 (iPhone; CPU OS 17_0 like Mac OS X; de_US)
2023-11-28,usa,aYArYMqB7KSRn0cH41AkpQ==,Mozilla/5.0 (iPhone; CPU OS 17_1 like Mac OS X; en_US)
2023-11-28,usa,lKSaDzCDy8qDnD9+ExCk7g==,Mozilla/5.0 (iPhone; CPU OS 17_2_1 like Mac OS X; en_US)
2023-11-28,usa,vI8xqSrPCz4cUibjPo5aCQ==,Mozilla/5.0 (iPhone; CPU OS 17_1_2 like Mac OS X; en_US)
2023-11-28,usa,vW7imqlCW0L/+Nde6vhYBg==,Mozilla/5.0 (iPhone; CPU OS 16_6_1 like Mac OS X; en_US)
2023-11-28,usa,CTDKSll5koCzpCPRbKA7hA==,Mozilla/5.0 (iPhone; CPU OS 17_2_1 like Mac OS X; en_US)
2023-11-28,usa,r/3DHxKbhvi1jk/tIW/FNw==,Mozilla/5.0 (iPhone; CPU OS 17_1_2 like Mac OS X; en_US)
2023-11-28,usa,5dZcv4o/df3dGwj6gFhldw==,Mozilla/5.0 (iPhone; CPU OS 17_1_2 like Mac OS X; en_US)
2023-11-28,usa,StOLFHjCv7oO+O7xiS2gxg==,Mozilla/5.0 (iPhone; CPU OS 17_1_2 like Mac OS X; en_US)
2023-11-28,usa,aaKxWEQXiJUdbn8OJQSABA==,Mozilla/5.0 (iPhone; CPU OS 16_6_1 like Mac OS X; en_US)
2023-11-28,usa,vZcRWrN51HT0dqnm3qoz4A==,Mozilla/5.0 (Linux; U; Android 14; en-US; SM-S908U Build/UP1A.231005.007)
2023-11-28,usa,U/6QfNSvGDQ7RTAt2lKAPg==,Mozilla/5.0 (iPhone; CPU OS 17_1_2 like Mac OS X; en_US)
2023-11-28,usa,3hLXh6b9mSI+/vWKdKImIQ==,Mozilla/5.0 (Linux; U; Android 14; en-US; SM-S908U Build/UP1A.231005.007)